Hire date,End of contract/Termination date
07/22/2013,
02/01/2012,
02/22/2011,
11/07/2012,
04/29/2013,
10/07/2013,
05/09/2012,
06/03/2013,
10/07/2013,
05/14/2012,
06/17/2013,
07/08/2013,
02/11/2013,
05/06/2013,
05/21/2013,
03/01/2011,
02/01/2012,
03/19/2012,
03/18/2013,
05/21/2013,
02/01/2012,
09/03/2013,
07/22/2013,
01/16/2013,
06/03/2013,
02/13/2012,
07/22/2013,
05/06/2013,
04/15/2013,
10/07/2013,
02/01/2012,
02/11/2013,
05/02/2011,
05/06/2013,
02/01/2012,
02/11/2013,
07/05/2012,
07/05/2012,
07/08/2013,
11/19/2012,
08/19/2013,
07/16/2012,
10/07/2013,
08/01/2013,
05/06/2013,
09/16/2013,
05/22/2012,
07/08/2013,
01/04/2012,
10/07/2013,
06/17/2013,
09/16/2013,
01/14/2013,
11/21/2007,
05/06/2013,
05/21/2013,
01/03/2012,
01/15/2013,
04/01/2013,
05/21/2013,
05/21/2013,
03/28/2011,
09/03/2013,
07/08/2013,
12/03/2012,
06/03/2013,
09/03/2013,
06/24/2013,
04/01/2010,
06/03/2013,
06/03/2013,
01/21/2013,
09/03/2013,
08/01/2013,
08/01/2013,
07/08/2013,
03/11/2013,
04/11/2011,
02/13/2012,
03/28/2011,
05/01/2012,
09/08/2009,
08/02/2010,
05/06/2013,
01/07/2013,
09/03/2013,
01/07/2013,
04/29/2013,
03/01/2011,
10/02/2006,
09/06/2013,
06/07/2010,
05/03/2010,
02/01/2012,
05/21/2013,
09/03/2013,
10/07/2013,
04/11/2011,
01/04/2012,
02/11/2013,
09/03/2013,
12/10/2012,
09/16/2013,
08/01/2013,
02/01/2012,
02/01/2012,
04/01/2013,
08/01/2013,
09/04/2012,
10/22/2012,
03/04/2013,
05/21/2013,
02/15/2011,
02/01/2012,
12/15/2010,
01/03/2012,
04/29/2013,
08/01/2013,
08/01/2013,
08/01/2013,
08/12/2013,
09/03/2013,
05/06/2013,
06/01/2010,
09/16/2013,
09/24/2012,
01/07/2013,
09/16/2013,
03/07/2011,
10/15/2012,
10/07/2013,
04/02/2012,
08/01/2013,
06/17/2009,
07/16/2012,
08/01/2013,
08/19/2013,
10/29/2012,
10/07/2013,
10/07/2013,
09/03/2013,
07/22/2013,
10/09/2012,
03/25/2013,
06/03/2013,
09/04/2012,
07/08/2013,
09/01/2008,
08/06/2013,
10/07/2013,
12/05/2011,
08/01/2013,
06/24/2013,
02/11/2013,
01/16/2012,
07/03/2012,
01/16/2012,
04/01/2013,
10/11/2011,
02/14/2011,
05/27/2013,
10/11/2011,
01/21/2013,
09/03/2013,
06/17/2013,
09/03/2013,
05/17/2010,
09/01/2004,
02/01/2008,
09/16/2013,
02/19/2013,
11/01/2010,
03/18/2013,
06/03/2013,
07/08/2013,
04/29/2013,
03/04/2013,
10/07/2013,
07/15/2013,
08/19/2013,
02/11/2013,
05/01/2012,
11/12/2012,
10/15/2012,
10/07/2013,
01/02/2013,
03/28/2011,
09/03/2013,
06/03/2013,
02/01/2012,
02/25/2013,
07/04/2011,
08/19/2013,
09/06/2011,
05/14/2012,
09/16/2013,
08/01/2013,
05/06/2013,
08/19/2013,
03/04/2013,
10/15/2012,
10/07/2013,
02/01/2012,
01/07/2013,
04/25/2011,
01/03/2011,
06/01/2010,
11/01/2010,
06/17/2013,
06/24/2013,
03/18/2013,
01/07/2013,
03/04/2013,
08/01/2013,
02/02/2009,
11/06/2012,
01/17/2011,
03/06/2013,
03/26/2012,
08/06/2013,
06/03/2013,
01/17/2011,
12/03/2012,
03/04/2013,
05/21/2013,
08/01/2013,
12/03/2012,
08/01/2013,
08/01/2013,
01/03/2012,
10/18/2010,
01/03/2012,
05/16/2012,
04/01/2013,
05/21/2013,
04/29/2013,
07/13/2011,
02/11/2013,
02/01/2012,
10/17/2011,
06/17/2013,
05/22/2012,
01/21/2013,
11/05/2012,
06/03/2013,
02/01/2012,
08/01/2013,
05/21/2013,
01/17/2011,
07/22/2013,
08/01/2013,
09/16/2013,
11/23/2009,
04/29/2013,
04/01/2013,
02/01/2012,
03/21/2011,
11/12/2012,
10/07/2013,
06/14/2010,
08/01/2013,
08/01/2013,
06/03/2013,
05/13/2013,
01/07/2013,
05/21/2013,
08/01/2010,
08/01/2013,
07/08/2013,
01/03/2012,
05/16/2012,
08/06/2013,
05/21/2013,
02/02/2009,
09/19/2011,
05/21/2013,
09/16/2013,
08/01/2013,
07/21/2008,
02/02/2009,
02/11/2013,
02/01/2012,
03/01/2012,
08/02/2011,
03/28/2011,
01/14/2013,
04/29/2013,
09/03/2013,
08/01/2013,
07/22/2013,
05/03/2011,
01/03/2011,
01/21/2013,
08/06/2013,
11/01/2012,
04/18/2011,
10/07/2013,
07/16/2012,
03/17/2011,
09/01/2004,
02/27/2013,
01/02/2012,
03/21/2011,
10/15/2012,
10/07/2013,
03/26/2012,
11/26/2012,
05/01/2012,
02/27/2012,
06/24/2013,
08/01/2013,
08/01/2013,
04/29/2013,
02/01/2012,
03/16/2011,12-06-2012
05/21/2013,07/23/2013
08/10/2012,09/27/2013
10/03/2011,01/17/2013
12/15/2010,12/06/2012
10/01/2012,11/08/2012
01/28/2013,03/04/2013
06/17/2013,08/02/2013
01/02/2013,08/23/2013
02/21/2012,03/08/2013
03/01/2011,12/21/2012
06/03/2013,08/09/2013
09-08-2010,01/31/2012
05/16/2012,08/03/2012
07/02/2013,08/30/2013
04/29/2013,08/30/2013
12/03/2012,03/05/2013
04/29/2013,08/30/2013
02/11/2013,05/31/2013
06/11/2012,10/11/2012
03/14/2011,03/15/2013
06/04/2012,02/28/2013
03/18/2013,06/14/2013
01-01-2008,08/20/2012
03/07/2011,01/21/2013
08-29-2011,01/31/2012
05/06/2013,08/23/2013
01/21/2013,04/03/2013
04/29/2013,08/22/2013
04/29/2013,08/23/2013
05/14/2012,12/07/2012
05/22/2011,08-01-2013